spotify_url	song	url	label	note
https://open.spotify.com/track/3sK8wGT43QFpWrvNQsrQya	Bad Bunny - DtMF	https://music.youtube.com/watch?v=TiebZllW8As	correct	official audio, title, artist and duration match
https://open.spotify.com/track/2lTm559tuIvatlT1u0JYG2	Bad Bunny - BAILE INoLVIDABLE	https://music.youtube.com/watch?v=JseJETvMtHY	correct	official audio, title, artist and duration match
https://open.spotify.com/track/1IHWl5LamUGEuP4ozKQSXZ	Bad Bunny - Tití Me Preguntó	https://music.youtube.com/watch?v=juRFjpB5Ppg	correct	official audio, title, artist and duration match
https://open.spotify.com/track/6VNXmo59yDYgcwLS17UNAW	Bad Bunny - CAFé CON RON	https://music.youtube.com/watch?v=sLJsaFYnsjE	correct	official audio, title, artist and duration match
https://open.spotify.com/track/5iwz1NiezX7WWjnCgY5TH4	Pedro Capó - Calma - Remix	https://www.youtube.com/watch?v=1_zgKRBrT0Y	correct	official video of the remix, same length
https://open.spotify.com/track/73scB4Q4fcOmnsBVZPmk32	KAROL G - Si Antes Te Hubiera Conocido	https://music.youtube.com/watch?v=mi-JD4jGVUQ	correct	official audio, title, artist and duration match
https://open.spotify.com/track/6PSKhwo0mVcOdjUOhVJd5p	Enrique Iglesias - Bailando - Spanish Version	https://www.youtube.com/watch?v=TpG9x_5iUEA	correct	lyrics upload of the Spanish version, 1 s off
https://open.spotify.com/track/69Ej1xrGjOcHvIMtMKxK0G	Don Omar - Dile	https://music.youtube.com/watch?v=VcrKS3nRvF8	correct	official audio, title, artist and duration match
https://open.spotify.com/track/2lCkncy6bIB0LTMT7kvrD1	J Balvin - Azul	https://music.youtube.com/watch?v=_XTu5vefx5Y	correct	official audio, title, artist and duration match
https://open.spotify.com/track/6mICuAdrwEjh6Y6lroV2Kg	Shakira - Chantaje (feat. Maluma)	https://music.youtube.com/watch?v=z0LqPKQYzEI	correct	official audio, title, artist and duration match
https://open.spotify.com/track/5YoITs1m0q8UOQ4AW7N5ga	Daddy Yankee - Gasolina	https://music.youtube.com/watch?v=2djj_KnGwjk	correct	official audio, title, artist and duration match
https://open.spotify.com/track/3pDhN3qB33AOPhQEkUCaWt	Daddy Yankee - Limbo	https://music.youtube.com/watch?v=-UhyvOQ0XZY	correct	official audio, title, artist and duration match
https://open.spotify.com/track/0OMRAvrtLWE2TvcXorRiB9	Gente De Zona - La Gozadera (feat. Marc Anthony)	https://music.youtube.com/watch?v=LECvZ1GUweY	correct	official audio, title, artist and duration match
https://open.spotify.com/track/2a1o6ZejUi8U3wzzOtCOYw	Don Omar - Danza Kuduro	https://www.youtube.com/watch?v=JmatCSqYu38	correct	re-upload of the original, 1 s off
https://open.spotify.com/track/7COfe3P7KgfwDwIRB8LIDw	J Balvin - Mi Gente	https://music.youtube.com/watch?v=uFuAHzHOGYQ	correct	official audio, title, artist and duration match
https://open.spotify.com/track/40a82F3K2UTbeoLlXXXZBd	Daddy Yankee - Lo Que Pasó, Pasó	https://music.youtube.com/watch?v=fHwbnAeJ6EA	correct	official audio, title, artist and duration match
https://open.spotify.com/track/3AEZUABDXNtecAOSC1qTfo	CNCO - Reggaetón Lento (Bailemos)	https://music.youtube.com/watch?v=-RjOjtv9cKg	correct	official audio, title, artist and duration match
https://open.spotify.com/track/4nt5qwSYkN4d3v57v4bB72	NATTI NATASHA - Criminal	https://www.youtube.com/watch?v=-cTNTYsOU_4	unsure	lyrics upload 4 s longer; fix1 label unsure
https://open.spotify.com/track/5w9c2J52mkdntKOmRLeM2m	Daddy Yankee - Con Calma	https://music.youtube.com/watch?v=GQwj_FRntp8	correct	official audio, title, artist and duration match
https://open.spotify.com/track/4MzXwWMhyBbmu6hOcLVD49	Bad Bunny - DÁKITI	https://music.youtube.com/watch?v=2x9aY0QJR04	correct	official audio, title, artist and duration match
https://open.spotify.com/track/0Gx4VrHzS7pZOEAGrmXXBH	Carlos Vives - La Bicicleta	https://www.youtube.com/watch?v=-UV0QGLmYys	wrong	music video 9 s longer than the audio; fix1 label wrong
https://open.spotify.com/track/2C2TGgFzrTRIOdQS1vUN5h	J Balvin - Ginza	https://music.youtube.com/watch?v=T2eguXvbV7s	correct	official audio, title, artist and duration match
https://open.spotify.com/track/7DM4BPaS7uofFul3ywMe46	Ricky Martin - Vente Pa' Ca (feat. Maluma)	https://music.youtube.com/watch?v=COJp2Ejz0x0	correct	official audio on another album
https://open.spotify.com/track/0fqrZVSenCW6vD2eFMx5pt	Daddy Yankee - La Despedida	https://music.youtube.com/watch?v=h6bg8X5qNUs	correct	official audio, title, artist and duration match
https://open.spotify.com/track/3QHMxEOAGD51PDlbFPHLyJ	Marc Anthony - Vivir Mi Vida	https://music.youtube.com/watch?v=79OxD7KNlYw	correct	official audio, title, artist and duration match
https://open.spotify.com/track/2B4GHvToeLTOBB4QLzW3Ni	Farruko - Pepas	https://www.youtube.com/watch?v=acm6O4WwgBg	correct	7clouds lyrics upload, 1 s off
https://open.spotify.com/track/6habFhsOp2NvshLv26DqMb	Luis Fonsi - Despacito	https://music.youtube.com/watch?v=FXovf5dsRTw	correct	official audio on another album
https://open.spotify.com/track/5TFD2bmFKGhoCRbX61nXY5	Bad Bunny - NUEVAYoL	https://music.youtube.com/watch?v=WdSGEvDGZAo	correct	official audio, title, artist and duration match
https://open.spotify.com/track/00i0O74dXdaKKdCrqHnfXm	Ricky Martin - La Mordidita (feat. Yotuel)	https://music.youtube.com/watch?v=5Ulr4o-WZgM	correct	official audio, title, artist and duration match
https://open.spotify.com/track/0JcNysfWVWaMS7R6vzGB2k	Carlos Vives - Robarte un Beso	https://music.youtube.com/watch?v=H9y-oKSdA9w	correct	official audio, title, artist and duration match
https://open.spotify.com/track/70lnL3QaSOIIyMa2X9aVRL	Shakira - Perro Fiel (feat. Nicky Jam)	https://music.youtube.com/watch?v=WlLBTCxBJO8	correct	official audio, title, artist and duration match
https://open.spotify.com/track/1A5yplwEk6cJbAL63L6bkp	Deorro - Bailar (feat. Pitbull & Elvis Crespo)	https://www.youtube.com/watch?v=9cBtJYI6itg	wrong	official video 11 s longer, without Pitbull's verse credit; fix1 label wrong
https://open.spotify.com/track/3W8oGQi947ofWesrIYXP2n	Don Omar - Hasta Que Salga El Sol	https://music.youtube.com/watch?v=nTWsspgrF0E	correct	official audio, title, artist and duration match
https://open.spotify.com/track/7txjUEY6McJDJKqIo1Rxjp	Shakira - Acróstico - Milan + Sasha	https://www.youtube.com/watch?v=oBw5BlWsY3M	unsure	lyrics upload titled 'Acróstico'; can't tell if it is the Milan + Sasha version; fix1 label unsure
https://open.spotify.com/track/0kosUz0jePvjiz4ctmR6wL	Shakira - Dai Dai	https://music.youtube.com/watch?v=lFQdcPTTzSg	correct	official audio, title, artist and duration match
https://open.spotify.com/track/0W8nDs4H2cqxxAgszNMYO3	Shakira - Waka Waka (Esto es Africa) (feat. Freshlyground)	https://www.youtube.com/watch?v=KZqFXNMYwr0	correct	lyrics upload, 1 s off, Spanish version
https://open.spotify.com/track/42k1KeBehAd83lrGt1okiC	Shakira - Loca (feat. El Cata)	https://music.youtube.com/watch?v=p_uBMc7mA0c	correct	official audio, title, artist and duration match
https://open.spotify.com/track/53AafWSzYsiJKnAtJTUB5f	Shakira - La Tortura (feat. Alejandro Sanz)	https://music.youtube.com/watch?v=GdgiSOHcswI	correct	official audio, title, artist and duration match
https://open.spotify.com/track/0DWdj2oZMBFSzRsi2Cvfzf	KAROL G - TQG	https://music.youtube.com/watch?v=a4oZXu9jM-Q	correct	official audio, title, artist and duration match
https://open.spotify.com/track/0mlAOSILGRys2IbvyOT5VJ	Luis Fonsi - Échame La Culpa	https://music.youtube.com/watch?v=YDswuo2dIvY	correct	official audio, title, artist and duration match
https://open.spotify.com/track/5dSWNkk66Gez4AM1kpZPiu	Major Lazer - Que Calor	https://www.youtube.com/watch?v=QlDiILkppa8	correct	re-upload, same length
https://open.spotify.com/track/5iF33sXejXwfTuidVHMll0	Carlos Vives - Canción Bonita	https://music.youtube.com/watch?v=ZzTjmBeJIS4	correct	official audio on another album
https://open.spotify.com/track/3Y1xjjepdqMP141ipYCAqA	Rawayana - Inglés En Miami	https://music.youtube.com/watch?v=X5m3orQOG1c	correct	official audio, title, artist and duration match
https://open.spotify.com/track/7ulDhf05iMrq4IFWNbTrbI	Rawayana - Se Vienen Cositas	https://music.youtube.com/watch?v=WHcFA1qeF9k	correct	official audio, title, artist and duration match
https://open.spotify.com/track/7cpFmkNmh3MM0WqXPSbs9f	Elvis Crespo - Suavemente	https://music.youtube.com/watch?v=QH0zo6AcP6g	correct	official audio, title, artist and duration match
https://open.spotify.com/track/0mzsLrUNazBaRfYZfjmpSV	Fuerza Regida - Bebe Dame	https://www.youtube.com/watch?v=Oie--p6YqJo	correct	official video on the artist's channel, 1 s off
https://open.spotify.com/track/6hpuesKPNa3WhV48O7Fa47	Aitana - SUPERESTRELLA	https://music.youtube.com/watch?v=ElvzE2cPclc	correct	official audio, title, artist and duration match
https://open.spotify.com/track/6qoIFQfdmaQF9A1gb67tR7	KAROL G - Ocean	https://music.youtube.com/watch?v=-kDOaQfzQyI	correct	official audio, title, artist and duration match
https://open.spotify.com/track/3dnP0JxCgygwQH9Gm7q7nb	Eslabon Armado - Ella Baila Sola	https://music.youtube.com/watch?v=vPyV5Nj-EO0	unsure	'Release - Topic' upload credited to 'Vizcente Fernández, PesPluma', 422k views: likely a sound-alike, not Eslabon Armado; was counted correct in fix1
https://open.spotify.com/track/7qCAVkHWZkF44OzOUKf8Cr	Nicky Jam - El Perdón (with Enrique Iglesias)	https://music.youtube.com/watch?v=zs6aDvOTlMo	correct	official audio, title, artist and duration match
https://open.spotify.com/track/6sHBvzRsuGunQTfCk18KXi	Juan Magán - Bailando por Ahi	https://music.youtube.com/watch?v=tYclh6A0G9g	correct	official audio, title, artist and duration match
https://open.spotify.com/track/08mG3Y1vljYA6bvDt4Wqkj	AC/DC - Back In Black	https://music.youtube.com/watch?v=9vWNauaZAgg	correct	official audio, title, artist and duration match
https://open.spotify.com/track/69QHm3pustz01CJRwdo20z	AC/DC - Hells Bells	https://music.youtube.com/watch?v=GL56LY6fE0E	correct	official audio, title, artist and duration match
https://open.spotify.com/track/0C80GCp0mMuBzLf3EAXqxv	AC/DC - Shoot to Thrill	https://music.youtube.com/watch?v=wLoWd2KyUro	correct	official audio, title, artist and duration match
https://open.spotify.com/track/6Th6ND8RQPywiyelecP5Lf	AC/DC - What Do You Do for Money Honey	https://music.youtube.com/watch?v=yuvWF2I7BTI	correct	official audio, title, artist and duration match
https://open.spotify.com/track/6rAy2MsMUabbqu2VygrblP	AC/DC - Givin the Dog a Bone	https://music.youtube.com/watch?v=ZjYjjLJtGpo	correct	official audio, title, artist and duration match
https://open.spotify.com/track/2SiXAy7TuUkycRVbbWDEpo	AC/DC - You Shook Me All Night Long	https://music.youtube.com/watch?v=SP9t2Iq_zQ8	correct	official audio, title, artist and duration match
https://open.spotify.com/track/4dDurgTN3eGyU0ghzFJ0T1	AC/DC - Have a Drink on Me	https://music.youtube.com/watch?v=dN61WU57zBw	correct	official audio, title, artist and duration match
https://open.spotify.com/track/6J17MkMmuzBiIOjRH6MOBZ	AC/DC - Rock and Roll Ain't Noise Pollution	https://music.youtube.com/watch?v=lwRHkS912ks	unsure	official song but 12 s longer than Spotify (267 vs 255)
https://open.spotify.com/track/3tS8q8SXxtrYSN8UgeQt6q	Michael Jackson - Bad	https://music.youtube.com/watch?v=IEGIWRpnpBU	correct	official audio on HIStory, 1 s off
https://open.spotify.com/track/6s0NHplywwr1IjnQpUpWJk	George Thorogood & The Destroyers - Bad To The Bone	https://music.youtube.com/watch?v=8KciRaANKmo	correct	official audio, title, artist and duration match
https://open.spotify.com/track/4KfSdst7rW39C0sfhArdrz	Heart - Barracuda	https://music.youtube.com/watch?v=p6v6wWmEYvY	correct	official audio, title, artist and duration match
https://open.spotify.com/track/3nsUVlntPIksDvhHdZZhiu	Led Zeppelin - Black Dog - Remaster	https://music.youtube.com/watch?v=yBuub4Xe1mw	correct	official remaster on Mothership
https://open.spotify.com/track/6l8GvAyoUZwWDgF1e4822w	Queen - Bohemian Rhapsody	https://music.youtube.com/watch?v=BSTsnWoslP4	correct	official audio, same length
https://open.spotify.com/track/7kNNylJ1kswWbHeRM6UDuE	Manfred Mann's Earth Band - Blinded By The Light	https://music.youtube.com/watch?v=33ptulhhQPg	correct	official audio, title, artist and duration match
https://open.spotify.com/track/5s8IEEjgCTrujK3aUalvfF	Deep Purple - Burn - 2002 Remaster	https://music.youtube.com/watch?v=ZQGstnfTmAk	correct	official audio, title, artist and duration match
https://open.spotify.com/track/3fSWHHIHLRvdB5PYJ7PXrF	Status Quo - Caroline	https://music.youtube.com/watch?v=69YERtGeX6A	correct	official audio, title, artist and duration match
https://open.spotify.com/track/7ACxUo21jtTHzy7ZEV56vU	Ozzy Osbourne - Crazy Train	https://music.youtube.com/watch?v=hQ_Z-10dXSE	correct	official audio, title, artist and duration match
https://open.spotify.com/track/35ItUJlMtjOQW3SSiTCrrw	Queen - Crazy Little Thing Called Love - Remastered 2011	https://music.youtube.com/watch?v=ARwcMqXz4Zc	correct	official audio on the deluxe edition
https://open.spotify.com/track/43DHLzDkncpby82Po5jlOZ	Queen - Don't Stop Me Now	https://www.youtube.com/watch?v=HgzGwKwLmgM	unsure	official video, 6 s longer; may have an intro
https://open.spotify.com/track/4bHsxqR3GMrXTxEPLuK5ue	Journey - Don't Stop Believin'	https://music.youtube.com/watch?v=sXcyiA38z9I	correct	studio recording on a compilation
https://open.spotify.com/track/5MxNLUsfh7uzROypsoO5qe	Aerosmith - Dream On	https://music.youtube.com/watch?v=yZR4zH9Zy34	correct	official audio on Pandora's Box, same length
https://open.spotify.com/track/3VqHuw0wFlIHcIPWkhIbdQ	Metallica - Enter Sandman (Remastered)	https://music.youtube.com/watch?v=XZuM4zFg-60	correct	official remaster
https://open.spotify.com/track/2KH16WveTQWT6KOG9Rg6e2	Survivor - Eye of the Tiger	https://www.youtube.com/watch?v=btPJPFnesV4	correct	official video, same length
https://open.spotify.com/track/39sH8Fl415P7O8GRP1Td6Z	Queen - Fat Bottomed Girls	https://www.youtube.com/watch?v=1ncYJCw7N8g	unsure	lyrics upload 9 s shorter than the album version
https://open.spotify.com/track/2vz1CsL5WBsbpBcwgboTAw	"Kenny Loggins - Footloose - From ""Footloose"" Soundtrack"	https://music.youtube.com/watch?v=HvropLxYb5c	correct	official audio, title, artist and duration match
https://open.spotify.com/track/3hMHG6lx9QHVcfYSUr5PoM	"Kenny Loggins - Danger Zone - From ""Top Gun"" Original Soundtrack"	https://music.youtube.com/watch?v=9ID4RAqCqnQ	correct	official audio, title, artist and duration match
https://open.spotify.com/track/7xe3EQCvXnx6Q0zs41Y65n	Jerry Lee Lewis - Great Balls of Fire	https://music.youtube.com/watch?v=c3Ne3UYBNZo	correct	official 'Original' on JerryLeeLewisTV, same length (earlier run's 101 s pick is gone)
https://open.spotify.com/track/2GCFcbxm61rSA8gzsDk6NJ	Queen - Hammer To Fall	https://music.youtube.com/watch?v=oZ8Zzhe8A2Q	correct	official audio, deluxe edition
https://open.spotify.com/track/5hflg0cgTYWiwtPFoDx4g7	Judas Priest - Hell Bent for Leather	https://music.youtube.com/watch?v=OwUpV1_tteY	correct	official audio (Killing Machine is the UK title)
https://open.spotify.com/track/2RaA6kIcvomt77qlIgGhCT	Judas Priest - Breaking the Law	https://music.youtube.com/watch?v=BXtPycm5dGc	correct	official audio, title, artist and duration match
https://open.spotify.com/track/0IXpUl1fn2QZcBavfuq0H4	Judas Priest - Living After Midnight	https://music.youtube.com/watch?v=PjTLOaD6fr4	correct	official audio, title, artist and duration match
https://open.spotify.com/track/7Jh1bpe76CNTCgdgAdBw4Z	"David Bowie - ""Heroes"" - 2017 Remaster"	https://www.youtube.com/watch?v=A2HAHXxeNNE	correct	fan re-upload of the album version, 1 s off
https://open.spotify.com/track/4gVTozEmzwAUXpwj3jEetX	Deep Purple - Highway Star	https://music.youtube.com/watch?v=xKwPOy_nEmI	correct	official audio, title, artist and duration match
https://open.spotify.com/track/2zYzyRzz6pRmhPzyfMEC8s	AC/DC - Highway to Hell	https://music.youtube.com/watch?v=ikFFVfObwss	correct	official audio, title, artist and duration match
https://open.spotify.com/track/6QDbGdbJ57Mtkflsg42WV5	Van Halen - Hot for Teacher - 2015 Remaster	https://music.youtube.com/watch?v=h_FKbrcnxA8	unsure	official audio labelled 2004 Remaster; Spotify is the 2015 Remaster
https://open.spotify.com/track/40riOy7x9W7GXjyGp4pjAv	Eagles - Hotel California - 2013 Remaster	https://www.youtube.com/watch?v=dLl4PZtxia8	correct	official audio video, 1 s off
https://open.spotify.com/track/2Cdvbe2G4hZsnhNMKyGrie	Joan Jett & the Blackhearts - I Love Rock 'N Roll	https://music.youtube.com/watch?v=8-hM3bTmV48	correct	official audio, title, artist and duration match
https://open.spotify.com/track/67iAlVNDDdddxqSD2EZhFs	The Proclaimers - I'm Gonna Be (500 Miles)	https://music.youtube.com/watch?v=oUv0NbjbGzQ	correct	official audio, title, artist and duration match
https://open.spotify.com/track/70Z9t1qhytWtG4cCmmi7mU	Twisted Sister - I Wanna Rock	https://www.youtube.com/watch?v=M55rt14ZWfI	correct	fan re-upload of the album version, 1 s off
https://open.spotify.com/track/25H6P7a94WUr5102lC6TNI	Queen - I Want To Break Free	https://music.youtube.com/watch?v=xQQxllqJXLc	correct	official audio, title, artist and duration match
https://open.spotify.com/track/78lgmZwycJ3nzsdgmPPGNx	Led Zeppelin - Immigrant Song - Remaster	https://music.youtube.com/watch?v=5eHkjPCGXKQ	correct	official audio, title, artist and duration match
https://open.spotify.com/track/4svkPL62HbvyFgf0nHFXAF	Black Sabbath - Iron Man	https://music.youtube.com/watch?v=F01UTYg79KY	correct	official audio, title, artist and duration match
https://open.spotify.com/track/00qOE7OjRl0BpYiCiweZB2	Foreigner - Juke Box Hero	https://music.youtube.com/watch?v=W_TOsFvnmeQ	correct	official audio, title, artist and duration match
https://open.spotify.com/track/6Fba9RZtC6vTY814JToDtP	Van Halen - Jump	https://www.youtube.com/watch?v=ShSazZ_H3LI	correct	fan re-upload, 3 s off
https://open.spotify.com/track/7GqWnsKhMtEW0nzki5o0d8	Queen - Killer Queen - Remastered 2011	https://www.youtube.com/watch?v=v1fW847XuJI	unsure	fan upload labelled 'Remastered - 2021', 4 s longer; Spotify is the 2011 remaster
https://open.spotify.com/track/4JiEyzf0Md7KEFFGWDDdCr	Guns N' Roses - Knockin' On Heaven's Door	https://music.youtube.com/watch?v=f8OHybVhQwc	correct	official audio, title, artist and duration match
https://open.spotify.com/track/37ZJ0p5Jm13JPevGcx4SkF	Bon Jovi - Livin' On A Prayer	https://music.youtube.com/watch?v=YBdyc1WDlBQ	correct	official audio, title, artist and duration match
https://open.spotify.com/track/5DH7nDryMhpixm4G4B7RP9	Billy Joel - The Longest Time	https://music.youtube.com/watch?v=xvdQNuIojeI	correct	official audio on the same album, 5 s shorter
https://open.spotify.com/track/6FRQGRdhueJGTKiYnirDNy	Van Halen - Love Walks In	https://music.youtube.com/watch?v=8qcQ34iTswY	correct	official audio, title, artist and duration match
https://open.spotify.com/track/54e8YIQ5TubPmMx8SLdoDA	Deep Purple - Maybe I'm a Leo	https://music.youtube.com/watch?v=wGv-flMDA2s	correct	official audio, title, artist and duration match
https://open.spotify.com/track/3Kq8i3kDLfFdEiZtcZHDDG	Deep Purple - Never Before	https://music.youtube.com/watch?v=38O0Ixp-YqA	correct	official audio, title, artist and duration match
https://open.spotify.com/track/7CBFRsUz1pz1cS12soVhih	Guns N' Roses - Nightrain	https://music.youtube.com/watch?v=VMDljoM5JFI	correct	official audio, title, artist and duration match
https://open.spotify.com/track/63T7DJ1AFDD6Bn8VzG6JE8	The Rolling Stones - Paint It, Black	https://music.youtube.com/watch?v=170sceOWWXc	correct	official audio, title, artist and duration match
https://open.spotify.com/track/05RgAMGypEvqhNs5hPCbMS	Van Halen - Panama - 2015 Remaster	https://www.youtube.com/watch?v=yMoDJ4HWWaE	correct	official 2015 remaster on the Van Halen channel
https://open.spotify.com/track/6eN1f9KNmiWEhpE2RhQqB5	Guns N' Roses - Paradise City	https://music.youtube.com/watch?v=T0ZmErXkbxE	correct	official audio, title, artist and duration match
https://open.spotify.com/track/4MSqgoFS7e8LpsxeeMMVMu	Black Sabbath - Paranoid	https://www.youtube.com/watch?v=0qanF-91aJo	unsure	official video, 5 s longer; may have an intro
https://open.spotify.com/track/70C4NyhjD5OZUMzvWZ3njJ	Billy Joel - Piano Man	https://music.youtube.com/watch?v=LLbew85exp0	correct	official audio, title, artist and duration match
https://open.spotify.com/track/6hyjl7z58fwPpx8273ilOC	Queen - Play The Game	https://www.youtube.com/watch?v=6_5O-nUiZ_0	unsure	official video, 9 s longer
https://open.spotify.com/track/1aZLIbKEdsyqxyD6iNcrbA	Def Leppard - Pour Some Sugar On Me	https://music.youtube.com/watch?v=Rqs4cMyMLnY	correct	official audio, title, artist and duration match
https://open.spotify.com/track/2jAc9KIQ9XoZxkydXh3MVh	Queen - Radio Ga Ga	https://music.youtube.com/watch?v=g9L-hOwKcHQ	correct	official audio, title, artist and duration match
https://open.spotify.com/track/2PpNgmrS9mAyrkRAwn6YPq	Dio - Rainbow in the Dark	https://music.youtube.com/watch?v=prge5lp5hQc	correct	official audio, title, artist and duration match
https://open.spotify.com/track/7oOOI85fVQvVnK5ynNMdW7	Michael Jackson - Rock with You - Single Version	https://music.youtube.com/watch?v=OvzJZTkWYoY	correct	official audio, title, artist and duration match
https://open.spotify.com/track/58XWGx7KNNkKneHdprcprX	Scorpions - Rock You Like A Hurricane	https://music.youtube.com/watch?v=bNawbNsx52A	correct	official audio, title, artist and duration match
https://open.spotify.com/track/3EYOJ48Et32uATr9ZmLnAo	The Police - Roxanne	https://music.youtube.com/watch?v=fZheUzgIFEk	correct	official audio, title, artist and duration match
https://open.spotify.com/track/46FW5ZZ6fOF1WpMTEOVEHX	Van Halen - Runnin' with the Devil	https://www.youtube.com/watch?v=enL_lzVyNdM	correct	official 2015 remaster on the Van Halen channel, 1 s off
https://open.spotify.com/track/5Z8EDau8uNcP1E8JvmfkZe	Alice Cooper - School's Out	https://music.youtube.com/watch?v=37ALmuMSHEI	correct	official audio, title, artist and duration match
https://open.spotify.com/track/39shmbIHICJ2Wxnk1fPSdz	The Clash - Should I Stay or Should I Go - Remastered	https://music.youtube.com/watch?v=wjZMcWaniA4	correct	official remaster
https://open.spotify.com/track/5ghIJDpPoe3CfHMGu71E6T	Nirvana - Smells Like Teen Spirit	https://www.youtube.com/watch?v=69Wqhhun5_o	correct	7clouds lyrics upload, 1 s off
https://open.spotify.com/track/5SAUIWdZ04OxYfJFDchC7S	Deep Purple - Smoke on the Water	https://music.youtube.com/watch?v=dkRi0jJOFmo	correct	official 2012 remaster; Spotify's Machine Head is unlabelled
https://open.spotify.com/track/6cFZ4PLC19taNlpl9pbGMf	Queen - Somebody To Love - Remastered 2011	https://music.youtube.com/watch?v=poobWJNbucs	correct	official audio, 1 s off
https://open.spotify.com/track/6kEyuKmF4kZylB5LcuRd8Y	David Bowie - Space Oddity - Love You Til Tuesday version	https://music.youtube.com/watch?v=eDTPYR95X9U	correct	official audio, title, artist and duration match
https://open.spotify.com/track/44lAQJzaUI6hcpHEFqp2mJ	Deep Purple - Space Truckin'	https://music.youtube.com/watch?v=5hqG-29NTSU	correct	official 2012 remaster, same length
https://open.spotify.com/track/0pQskrTITgmCMyr85tb9qq	David Bowie - Starman - 2012 Remaster	https://www.youtube.com/watch?v=WbpIB8v7FXE	correct	fan upload, same length
https://open.spotify.com/track/5ubvP9oKmxLUVq506fgLhk	Bee Gees - Stayin Alive	https://www.youtube.com/watch?v=Fa9n7GirhsI	correct	fan upload, same length
https://open.spotify.com/track/7snQQk1zcKl8gZ92AnueZW	Guns N' Roses - Sweet Child O' Mine	https://music.youtube.com/watch?v=oMfMUfgjiLg	correct	official audio, title, artist and duration match
https://open.spotify.com/track/7e89621JPkKaeDSTQ3avtg	Lynyrd Skynyrd - Sweet Home Alabama	https://music.youtube.com/watch?v=iL-jC7XyLeo	correct	official audio, title, artist and duration match
https://open.spotify.com/track/2bCQHF9gdG5BNDVuEIEnNk	Michael Jackson - Smooth Criminal - 2012 Remaster	https://music.youtube.com/watch?v=XzNWRmqibNE	correct	official 2012 remaster
https://open.spotify.com/track/7LRMbd3LEoV5wZJvXT1Lwb	AC/DC - T.N.T.	https://music.youtube.com/watch?v=NhsK5WExrnE	correct	official audio, title, artist and duration match
https://open.spotify.com/track/2WfaOiMkCvy7F5fcp2zZ8L	a-ha - Take on Me	https://music.youtube.com/watch?v=HzdD8kbDzZA	correct	official audio, title, artist and duration match
https://open.spotify.com/track/57bgtoPSgt236HzfBOd8kj	AC/DC - Thunderstruck	https://music.youtube.com/watch?v=lhg9bYNLvOg	correct	official audio, title, artist and duration match
https://open.spotify.com/track/1B75hgRqe7A4fwee3g3Wmu	MC Hammer - U Can't Touch This	https://music.youtube.com/watch?v=gDCRrvtY78g	correct	official audio
https://open.spotify.com/track/1mSClObliRtgPVT399COQH	Queen - Under Pressure	https://www.youtube.com/watch?v=yNxUFa47WlI	unsure	fan upload, 7 s shorter
https://open.spotify.com/track/0ikz6tENMONtK6qGkOrU3c	Wham! - Wake Me Up Before You Go-Go	https://music.youtube.com/watch?v=R14lGgHgVJM	correct	official audio, title, artist and duration match
https://open.spotify.com/track/5SZ6zX4rOrEQferfFC2MfP	Aerosmith - Walk This Way	https://music.youtube.com/watch?v=gkWCLjxQqjU	correct	official audio, title, artist and duration match
https://open.spotify.com/track/0oerlffJSzhRVvtDfLcp3N	Bon Jovi - Wanted Dead Or Alive	https://music.youtube.com/watch?v=xNRaDavYo1M	correct	official audio, title, artist and duration match
https://open.spotify.com/track/4kzvAGJirpZ9ethvKZdJtg	Queen - We Are The Champions	https://music.youtube.com/watch?v=32C0ohT-JFU	correct	official audio, title, artist and duration match
https://open.spotify.com/track/1hlveB9M6ijHZRbzZ2teyh	Twisted Sister - We're Not Gonna Take It	https://music.youtube.com/watch?v=orsonBB3Lf4	correct	official audio, title, artist and duration match
https://open.spotify.com/track/0a9sd6MEXZXIPHk0fAxpZ4	Queen - We Will Rock You	https://music.youtube.com/watch?v=6eCIQSHY8UI	correct	official audio, title, artist and duration match
https://open.spotify.com/track/6wO13Xb3EdHUNixFOEJ0KV	Jerry Lee Lewis - Whole Lot of Shakin' Going On	https://music.youtube.com/watch?v=DZE_olZnVw4	correct	official audio, same length
https://open.spotify.com/track/4Bv3Cg9FqLcencnvDvVjLk	Led Zeppelin - Whole Lotta Love	https://www.youtube.com/watch?v=fIQMktyP90s	wrong	live at the Royal Albert Hall 1970, not the studio recording
https://open.spotify.com/track/0TaT50ZZxT4ytZxuqkE3A9	Van Halen - Why Can't This Be Love	https://music.youtube.com/watch?v=ybbfEzKfpts	correct	official audio, title, artist and duration match
https://open.spotify.com/track/4YOJFyjqh8eAcbKFfv88mV	Village People - Y.M.C.A.	https://music.youtube.com/watch?v=khOFB1Erzdg	correct	official audio, title, artist and duration match
https://open.spotify.com/track/0upLyFR8Rr52ZpMp5esQoq	Van Halen - You Really Got Me - 2015 Remaster	https://music.youtube.com/watch?v=-Oh6hNFZ2KA	correct	official 2015 remaster
https://open.spotify.com/track/1ChulFMnwxoD74Me8eX2TU	Dead Or Alive - You Spin Me Round (Like a Record)	https://www.youtube.com/watch?v=xyQC_PXL1G4	correct	official audio video, 5 s longer
https://open.spotify.com/track/3vV3cr2TpPqFk07zxYUbla	Quiet Riot - Cum on Feel the Noize	https://music.youtube.com/watch?v=XQ5mygB97nM	correct	official audio, title, artist and duration match
https://open.spotify.com/track/6gQUbFwwdYXlKdmqRoWKJe	Aerosmith - Dude (Looks Like A Lady)	https://music.youtube.com/watch?v=Qs97ZmUeUa4	correct	official audio, title, artist and duration match
https://open.spotify.com/track/0rmGAIH9LNJewFw7nKzZnc	Bon Jovi - You Give Love A Bad Name	https://music.youtube.com/watch?v=Aqc3VTpz9HQ	correct	official audio, title, artist and duration match
https://open.spotify.com/track/6KTv0Z8BmVqM7DPxbGzpVC	KISS - Rock And Roll All Nite	https://music.youtube.com/watch?v=f-S3X2saSwM	correct	official audio on Greatest Kiss, 1 s off
https://open.spotify.com/track/72hcFp4tYkd3dbNA9dZ3Pv	Bon Jovi - Bad Medicine	https://music.youtube.com/watch?v=AfI1QznxY5c	correct	official audio
https://open.spotify.com/track/1UBQ5GK8JaQjm5VbkBZY66	ZZ Top - Sharp Dressed Man - 2008 Remaster	https://music.youtube.com/watch?v=PAyOcwZggnA	correct	official audio, title, artist and duration match
https://open.spotify.com/track/2QfiRTz5Yc8DdShCxG1tB2	Chuck Berry - Johnny B. Goode	https://music.youtube.com/watch?v=uFeZ_x--aRg	correct	official audio, title, artist and duration match
https://open.spotify.com/track/43DeSV93pJPT4lCZaWZ6b1	Thin Lizzy - The Boys Are Back In Town	https://music.youtube.com/watch?v=56b4TTT609c	correct	official audio
https://open.spotify.com/track/7ptv3yXdBWwzO7rVA62rwy	Van Halen - (Oh) Pretty Woman - 2015 Remaster	https://music.youtube.com/watch?v=3z1CdiWQLqE	correct	official 2015 remaster
https://open.spotify.com/track/4DMKwE2E2iYDKY01C335Uw	Kansas - Carry on Wayward Son	https://music.youtube.com/watch?v=tz6u9suVNlY	correct	official audio, title, artist and duration match
https://open.spotify.com/track/06qEGQMavekDfu9fVsFAMz	The Black Jets - I Love Rock 'n' Roll	https://music.youtube.com/watch?v=91TtnoYnTZM	correct	official audio, title, artist and duration match
https://open.spotify.com/track/2PzU4IB8Dr6mxV3lHuaG34	The Rolling Stones - (I Can't Get No) Satisfaction - Mono	https://music.youtube.com/watch?v=eUpb-ALfUzc	correct	official audio, title, artist and duration match
https://open.spotify.com/track/4PRGxHpCpF2yoOHYKQIEwD	Led Zeppelin - Rock and Roll - Remaster	https://music.youtube.com/watch?v=SRQ7-eSGBWc	correct	official audio, title, artist and duration match
https://open.spotify.com/track/0rFWuqFgHAfuzE8uSB9TWR	Guns N' Roses - Live And Let Die	https://music.youtube.com/watch?v=RywqQ_AKB9M	correct	official audio, title, artist and duration match
https://open.spotify.com/track/4gMgiXfqyzZLMhsksGmbQV	Pink Floyd - Another Brick in the Wall, Pt. 2	https://music.youtube.com/watch?v=Ey8gm1W-e1Y	correct	official audio, title, artist and duration match
https://open.spotify.com/track/2d4e45fmUnguxh6yqC7gNT	AC/DC - Dirty Deeds Done Dirt Cheap	https://music.youtube.com/watch?v=UIE4UjBtx-o	correct	official audio, title, artist and duration match
https://open.spotify.com/track/1gzIbdFnGJ226LTl0Cn2SX	Billy Idol - White Wedding - Pt. 1	https://music.youtube.com/watch?v=o5oTrvdNoP4	correct	official audio, title, artist and duration match
https://open.spotify.com/track/71SvEDmsOwIWw1IozsZoMA	Journey - Any Way You Want It	https://www.youtube.com/watch?v=mSEzrgql-Zs	correct	7clouds lyrics upload, 1 s off
https://open.spotify.com/track/6kooDsorCpWVMGc994XjWN	Ram Jam - Black Betty	https://music.youtube.com/watch?v=wWk-uDrGxL0	correct	official audio, title, artist and duration match
https://open.spotify.com/track/5NLuC70kZQv8q34QyQa1DP	Beastie Boys - Fight For Your Right	https://music.youtube.com/watch?v=pYoN9OraOWM	correct	official audio, title, artist and duration match
https://open.spotify.com/track/1brpdmqkx3kSxyqzqXfW7J	KISS - Heaven's On Fire	https://music.youtube.com/watch?v=gyV50S1a9uY	correct	official audio, title, artist and duration match
https://open.spotify.com/track/0X1sqQ652p1sceKM2nJlIJ	Bon Jovi - Runaway	https://music.youtube.com/watch?v=kb2DgAF3egQ	correct	official audio, title, artist and duration match
https://open.spotify.com/track/5u5F7qLDvZjBSktaDp4HxB	AC/DC - Moneytalks	https://music.youtube.com/watch?v=iaaRYZPu9dc	correct	official audio, title, artist and duration match
https://open.spotify.com/track/0dOg1ySSI7NkpAe89Zo0b9	Bruce Springsteen - Born in the U.S.A.	https://music.youtube.com/watch?v=tRx212PUa4g	correct	official audio, title, artist and duration match
https://open.spotify.com/track/4TIJ7zSBNejpoIPaWpWRKc	Billy Idol - Rebel Yell	https://music.youtube.com/watch?v=seHlHzYpWBU	correct	official audio, title, artist and duration match
https://open.spotify.com/track/1HOMkjp0nHMaTnfAkslCQj	The Knack - My Sharona	https://music.youtube.com/watch?v=ZR-3r5Z9kqw	correct	official audio, title, artist and duration match
https://open.spotify.com/track/24NwBd5vZ2CK8VOQVnqdxr	Aerosmith - Sweet Emotion	https://music.youtube.com/watch?v=15aa3WIHk5M	correct	official audio, title, artist and duration match
https://open.spotify.com/track/0HVQuuXGAcQ2P5mBN521ae	Black Sabbath - War Pigs	https://music.youtube.com/watch?v=bc5Nk1DXyEY	correct	official audio, title, artist and duration match
https://open.spotify.com/track/2AmEv442DGwSxMGZ9XEvBA	Def Leppard - Rock Of Ages	https://music.youtube.com/watch?v=fTAOLmEba4I	correct	official audio
https://open.spotify.com/track/3MODES4TNtygekLl146Dxd	Led Zeppelin - Ramble On - 1990 Remaster	https://www.youtube.com/watch?v=5GX5IbHbE8M	unsure	fan upload of the remaster, 6 s longer
https://open.spotify.com/track/70YvYr2hGlS01bKRIho1HM	ZZ Top - La Grange - 2005 Remaster	https://music.youtube.com/watch?v=bSt4myecN_c	correct	official audio, title, artist and duration match
https://open.spotify.com/track/4BP3uh0hFLFRb5cjsgLqDh	Creedence Clearwater Revival - Fortunate Son	https://music.youtube.com/watch?v=r5NzAksjfDI	correct	official audio, title, artist and duration match
https://open.spotify.com/track/2RlgNHKcydI9sayD2Df2xp	Electric Light Orchestra - Mr. Blue Sky	https://music.youtube.com/watch?v=wuJIqmha2Hk	correct	official audio on a compilation, same length
https://open.spotify.com/track/7i6r9KotUPQg3ozKKgEPIN	The White Stripes - Seven Nation Army	https://music.youtube.com/watch?v=D_QLxj8jCF0	correct	official audio, title, artist and duration match
https://open.spotify.com/track/3Cx4yrFaX8CeHwBMReOWXI	Billy Joel - We Didn't Start the Fire	https://music.youtube.com/watch?v=55q6jrfBDdk	correct	official audio, title, artist and duration match
https://open.spotify.com/track/7BY005dacJkbO6EPiOh2wb	The Animals - House Of The Rising Sun	https://music.youtube.com/watch?v=MJkr0DWbhTk	correct	official audio, title, artist and duration match
https://open.spotify.com/track/1fDsrQ23eTAVFElUMaf38X	Don McLean - American Pie	https://music.youtube.com/watch?v=iX_TFkut1PM	correct	official audio, title, artist and duration match
https://open.spotify.com/track/57JVGBtBLCfHw2muk5416J	Queen - Another One Bites The Dust - Remastered 2011	https://music.youtube.com/watch?v=b72gdhV_rXM	correct	official audio
https://open.spotify.com/track/5zA8vzDGqPl2AzZkEYQGKh	Billy Joel - Uptown Girl	https://music.youtube.com/watch?v=H6M0EulApMM	correct	official audio, title, artist and duration match
https://open.spotify.com/track/3YRCqOhFifThpSRFJ1VWFM	Guns N' Roses - November Rain	https://music.youtube.com/watch?v=y6lfK3bH4z8	correct	official audio, title, artist and duration match
https://open.spotify.com/track/7gREIuHognJFspylIDJ94p	Billy Joel - Vienna	https://music.youtube.com/watch?v=irl89Gmcv8c	correct	official audio, title, artist and duration match
https://open.spotify.com/track/78WVLOP9pN0G3gRLFy1rAa	Billy Joel - Piano Man	https://music.youtube.com/watch?v=LLbew85exp0	correct	official audio, same length
https://open.spotify.com/track/790YJcgHlN3SaosQCHlWzn	Queen - Love Of My Life - Remastered 2011	https://music.youtube.com/watch?v=_IL77qFKgRw	correct	official audio
https://open.spotify.com/track/1Gg14U26oq94uWcG7khccX	Billy Joel - An Innocent Man	https://music.youtube.com/watch?v=zx9-3On46-c	correct	official audio, title, artist and duration match
https://open.spotify.com/track/1kiNatIrwDusOZfR29W0LJ	Michael Jackson - Man in the Mirror - 2012 Remaster	https://www.youtube.com/watch?v=XQ4mcSyhKlo	correct	fan upload with Spanish subtitles, same length
https://open.spotify.com/track/3qT4bUD1MaWpGrTwcvguhb	Led Zeppelin - Black Dog - Remaster	https://www.youtube.com/watch?v=BNIufp5fzEk	correct	fan upload of the remaster, 1 s off
https://open.spotify.com/track/0hCB0YR03f6AmQaHbwWDe8	Led Zeppelin - Whole Lotta Love - 1990 Remaster	https://music.youtube.com/watch?v=0bcIjILqORM	correct	official remaster, 2 s off
https://open.spotify.com/track/2G7woUgHMt6QBU7esQ5rsL	Led Zeppelin - Immigrant Song - Remaster	https://music.youtube.com/watch?v=5eHkjPCGXKQ	correct	official remaster
https://open.spotify.com/track/08nVwMJvWeJwwc9pSd74wO	Fastway - Say What You Will	https://music.youtube.com/watch?v=S-iHK0xTneg	correct	official audio, title, artist and duration match
https://open.spotify.com/track/1Q92pr5ZjhaOfNTvrjYLnE	Extreme - Get The Funk Out	https://music.youtube.com/watch?v=8Dsz4TpIRvI	correct	official audio
https://open.spotify.com/track/1cItNpcJskTVETprljc7HV	Extreme - Hole Hearted	https://music.youtube.com/watch?v=fu7vlU0Quow	correct	official audio on the same album's deluxe edition, 4 s longer
https://open.spotify.com/track/1iW2ktyrQHNKZwFTvgP0Ta	Deep Purple - Burn - Remastered 2004	https://www.youtube.com/watch?v=LCnebZnysmI	correct	fan upload, same length
https://open.spotify.com/track/0SEd8AUWG3j4YFsFEVmGjW	Judas Priest - Hell Bent for Leather	https://music.youtube.com/watch?v=OwUpV1_tteY	correct	official audio, title, artist and duration match
https://open.spotify.com/track/5T8EDUDqKcs6OSOwEsfqG7	Queen - Don't Stop Me Now - Remastered 2011	https://www.youtube.com/watch?v=PmyuL0o3g40	correct	fan upload of the remaster, same length
https://open.spotify.com/track/4O4Z8VFczL8MxIOmqVWc1b	Kenny Loggins - Footloose	https://www.youtube.com/watch?v=FDMHZFJnk2s	unsure	lyrics upload, 8 s longer
https://open.spotify.com/track/64VP3skE86iTvdOlbzuIcO	Jerry Lee Lewis - Great Balls Of Fire	https://music.youtube.com/watch?v=ytvHi5VXCdw	correct	official audio, title, artist and duration match
https://open.spotify.com/track/1nQRg9q9uwALGzouOX5OyQ	Queen - Radio Ga Ga - Remastered 2011	https://www.youtube.com/watch?v=9kGqkHWrA8Y	unsure	fan upload labelled 'Remastered - 2021', 4 s shorter; Spotify is the 2011 remaster
https://open.spotify.com/track/4pbJqGIASGPr0ZpGpnWkDn	Queen - We Will Rock You - Remastered 2011	https://music.youtube.com/watch?v=6eCIQSHY8UI	correct	official audio
https://open.spotify.com/track/3uMmllZo1AfoEnVT4ENCD3	Deep Purple - Highway Star - Remastered 2012	https://www.youtube.com/watch?v=Wr9ie2J2690	correct	fan upload, 1 s off
https://open.spotify.com/track/3c7Ctlw9MKlIQPxRH3fOTt	Michael Jackson - Man in the Mirror - 2012 Remaster	https://www.youtube.com/watch?v=XQ4mcSyhKlo	correct	fan upload with Spanish subtitles, same length
https://open.spotify.com/track/5MMnwYs0hIxkENRsbkWJ2G	Deep Purple - Smoke On The Water - Remastered 2012	https://music.youtube.com/watch?v=dkRi0jJOFmo	correct	official 2012 remaster, same length
https://open.spotify.com/track/19Hqfd3qkMkvBB6MsFt8o6	Status Quo - Caroline	https://music.youtube.com/watch?v=69YERtGeX6A	correct	official audio, 3 s off
https://open.spotify.com/track/2gSNBigeWMVtY3QBIvPAEc	Michael Jackson - Bad - 2012 Remaster	https://www.youtube.com/watch?v=aVMtACPiT0E	correct	fan upload of the 2012 remaster, 2 s off
https://open.spotify.com/track/5sICkBXVmaCQk5aISGR3x1	Metallica - Enter Sandman	https://music.youtube.com/watch?v=CHIWNDAwTqQ	correct	official audio, title, artist and duration match
https://open.spotify.com/track/6xdLJrVj4vIXwhuG8TMopk	Queen - Crazy Little Thing Called Love - Remastered 2011	https://music.youtube.com/watch?v=ARwcMqXz4Zc	correct	official audio
https://open.spotify.com/track/4u7EnebtmKWzUH433cf5Qv	Queen - Bohemian Rhapsody - Remastered 2011	https://music.youtube.com/watch?v=BSTsnWoslP4	correct	official audio
https://open.spotify.com/track/0gucTLf7trAf37Ua1uAyAu	Nirvana - Smells Like Teen Spirit - Remastered	https://www.youtube.com/watch?v=69Wqhhun5_o	correct	7clouds lyrics upload, same length
https://open.spotify.com/track/5S126DaCBZ8z6yh7B1Lszr	Deep Purple - Space Truckin' - Remastered 2012	https://music.youtube.com/watch?v=iznf49vOgJs	unsure	official 2024 Remaster; Spotify is the 2012 Remaster
https://open.spotify.com/track/3mRM4NM8iO7UBqrSigCQFH	"Bee Gees - Stayin' Alive - From ""Saturday Night Fever"" Soundtrack"	https://music.youtube.com/watch?v=GbsFCYEJGZ0	correct	official audio, same length
https://open.spotify.com/track/0PdM2a6oIjqepoEfcJo0RO	Def Leppard - Pour Some Sugar On Me - Remastered 2017	https://music.youtube.com/watch?v=eiOIDqRKo0Y	correct	official audio, title, artist and duration match
https://open.spotify.com/track/5T7ywazdGIydr6JCW6t02j	Michael Jackson - Smooth Criminal - 2012 Remaster	https://www.youtube.com/watch?v=zjumtUhhGrg	unsure	lyrics upload of the 2012 remaster (GOAL lists it unsure)
https://open.spotify.com/track/2HHtWyy5CgaQbC7XSoOb0e	Survivor - Eye of the Tiger	https://music.youtube.com/watch?v=S-LO6dctBms	correct	official audio, title, artist and duration match
https://open.spotify.com/track/2fuCquhmrzHpu5xcA1ci9x	Queen - Under Pressure - Remastered 2011	https://www.youtube.com/watch?v=kVmCYFB3Q-w	unsure	fan upload, 5 s shorter
https://open.spotify.com/track/4JfuiOWlWCkjP6OKurHjSn	Aerosmith - Walk This Way	https://music.youtube.com/watch?v=gkWCLjxQqjU	correct	official audio, title, artist and duration match
https://open.spotify.com/track/5e3YOg6fIkP0wD5TyxcHOH	Living Colour - Cult of Personality	https://music.youtube.com/watch?v=S3_Pm1Yn0tA	correct	official audio on the EP
https://open.spotify.com/track/2IOkw6dxIF2rfBRu5pUmc5	Black Eyed Peas - Now Generation	https://music.youtube.com/watch?v=eCrrgBwKPhs	correct	official audio
https://open.spotify.com/track/0G21yYKMZoHa30cYVi1iA8	Guns N' Roses - Welcome To The Jungle	https://music.youtube.com/watch?v=0CNPR2qNzxk	correct	official audio, title, artist and duration match
https://open.spotify.com/track/7nemcVsXVFZF01iqpIIo2Y	AC/DC - It's a Long Way to the Top (If You Wanna Rock 'N' Roll)	https://music.youtube.com/watch?v=vj_rvLVpqg8	correct	official audio, title, artist and duration match
https://open.spotify.com/track/1QEEqeFIZktqIpPI4jSVSF	Boston - More Than a Feeling	https://music.youtube.com/watch?v=ufQUxoidxkM	correct	official audio, title, artist and duration match
https://open.spotify.com/track/5EWPGh7jbTNO2wakv8LjUI	Lynyrd Skynyrd - Free Bird	https://music.youtube.com/watch?v=IGLVMBTIAPE	unsure	official song but 12 s longer than Spotify (559 vs 547)
https://open.spotify.com/track/5HuaHij4kVpfEVv93MYCeW	The Highwomen - Crowded Table	https://www.youtube.com/watch?v=ubNY-CPAp_I	correct	official audio video, 2 s off
https://open.spotify.com/track/2U15ix0JMkQY8EsxneUfyL	Noah Kahan - You’re Gonna Go Far (with Brandi Carlile)	https://music.youtube.com/watch?v=S9NRNkx7g3w	correct	official audio, title, artist and duration match
https://open.spotify.com/track/3d9DChrdc6BOeFsbrZ3Is0	Red Hot Chili Peppers - Under the Bridge	https://music.youtube.com/watch?v=4UnU3r0M3zg	correct	official audio, title, artist and duration match
https://open.spotify.com/track/6jeIbpsYPF0CTId7QrLLer	Brandi Carlile - The Mother	https://music.youtube.com/watch?v=bbco7q5_iiI	correct	official audio, title, artist and duration match
https://open.spotify.com/track/3bVFS7hCCgwqmkCeVpxVZc	Brandi Carlile - Human (feat. Jon Hopkins) - Sad Gay Version	https://music.youtube.com/watch?v=QdPNHVy1mR0	correct	official audio of the Sad Gay Version
https://open.spotify.com/track/0EKBV6GybPtALXUgWqWrym	Brandi Carlile - The Story	https://music.youtube.com/watch?v=Kpp7wgKWYl0	correct	official audio, title, artist and duration match
https://open.spotify.com/track/18k8IlS52uxRWObykDUZFG	Brandi Carlile - The Joke	https://music.youtube.com/watch?v=m1TpOPbYDyE	correct	official audio, title, artist and duration match
https://open.spotify.com/track/61X73CJcpwGIxgQgKEXbw0	Brandi Carlile - You and Me On The Rock (feat. Lucius)	https://music.youtube.com/watch?v=-Oq_QV95w_0	correct	official audio, title, artist and duration match
https://open.spotify.com/track/154t1fkfSU7zyJojSN6gvR	Brandi Carlile - Take Me Home, Country Roads	https://music.youtube.com/watch?v=msshgNNSgMc	correct	official audio, title, artist and duration match
https://open.spotify.com/track/5VerAFKM0vDyjsRfxFFTZh	Brandi Carlile - A War With Time	https://music.youtube.com/watch?v=h5j0OW5WGtk	correct	official audio on the commentary edition
https://open.spotify.com/track/1Y4ZdPOOgCUhBcKZOrUFiS	Lil Mama - Lip Gloss	https://www.youtube.com/watch?v=U6wSqROUAOY	correct	lyrics upload, 1 s off
https://open.spotify.com/track/6s8nHXTJVqFjXE4yVZPDHR	Olly Murs - Troublemaker (feat. Flo Rida)	https://music.youtube.com/watch?v=EJRfHWI2S-s	correct	official audio, title, artist and duration match
https://open.spotify.com/track/2MLHyLy5z5l5YRp7momlgw	Weezer - Island In The Sun	https://music.youtube.com/watch?v=beX-9wW5rL0	correct	official audio (Green Album)
https://open.spotify.com/track/1OxcIUqVmVYxT6427tbhDW	Lenny Kravitz - Fly Away	https://music.youtube.com/watch?v=2KeFjLDkOrI	correct	official audio, title, artist and duration match
https://open.spotify.com/track/0M7mWKqwTIaVjYyxfZmtTa	Toby Keith - Courtesy Of The Red, White And Blue (The Angry American)	https://music.youtube.com/watch?v=OOekXfWTcvI	correct	official audio, title, artist and duration match
https://open.spotify.com/track/1rIKgCH4H52lrvDcz50hS8	Zara Larsson - Lush Life	https://music.youtube.com/watch?v=RG-D4bcg54s	correct	official audio, title, artist and duration match
https://open.spotify.com/track/00ju8gshHD67on6Aqh83Pb	Zach Bryan - American Nights	https://music.youtube.com/watch?v=InPsTunDjqA	correct	official audio, title, artist and duration match
https://open.spotify.com/track/3bnVBN67NBEzedqQuWrpP4	Twenty One Pilots - Tear in My Heart	https://music.youtube.com/watch?v=-olL71GgdXQ	correct	official audio, title, artist and duration match
https://open.spotify.com/track/6QgjcU0zLnzq5OrUoSZ3OK	Portugal. The Man - Feel It Still	https://music.youtube.com/watch?v=OPKTk5vUtDY	correct	official audio, title, artist and duration match
https://open.spotify.com/track/3Pzh926pXggbMe2ZpXyMV7	Cage The Elephant - Ain't No Rest for the Wicked	https://music.youtube.com/watch?v=e2Z0sON2UPc	correct	official audio, title, artist and duration match
https://open.spotify.com/track/3ZOEytgrvLwQaqXreDs2Jx	Red Hot Chili Peppers - Can't Stop	https://music.youtube.com/watch?v=D4INE2zO9OU	correct	official audio, title, artist and duration match
https://open.spotify.com/track/5JVbvCHX10U2pLa5DEqGav	Capital Cities - Safe and Sound	https://music.youtube.com/watch?v=jWpZuFM0Qtk	correct	official audio, title, artist and duration match
https://open.spotify.com/track/2aibwv5hGXSgw7Yru8IYTO	Red Hot Chili Peppers - Snow (Hey Oh)	https://music.youtube.com/watch?v=s6GIT4RhFv0	correct	official audio, title, artist and duration match
https://open.spotify.com/track/3dPQuX8Gs42Y7b454ybpMR	The White Stripes - Seven Nation Army	https://music.youtube.com/watch?v=D_QLxj8jCF0	correct	official audio, title, artist and duration match
https://open.spotify.com/track/2x45xqISlmmDJqxOqr8BuS	U2 - With Or Without You - Remastered 2007	https://music.youtube.com/watch?v=oNvWDP_GkiY	correct	official audio on the super deluxe edition
https://open.spotify.com/track/7wd9kz7UXhJr8pgdqpzKu5	Shaboozey - A Bar Song (Tipsy)	https://music.youtube.com/watch?v=DPaqlPFznBI	correct	official audio, title, artist and duration match
https://open.spotify.com/track/0dONpZqjuOnTC0S8k9sisT	Shaboozey - Drink Don't Need No Mix (feat. BigXthaPlug)	https://music.youtube.com/watch?v=v7vkATSNy6c	correct	official audio, title, artist and duration match
https://open.spotify.com/track/0RKNYLcqG0mMNK0jFC8K47	Shaboozey - Last Of My Kind (feat. Paul Cauthen)	https://music.youtube.com/watch?v=aBMQ_cO9Hl4	correct	official audio, title, artist and duration match
https://open.spotify.com/track/3BovdzfaX4jb5KFQwoPfAw	Michael Jackson - Beat It	https://www.youtube.com/watch?v=HALQqM_3zsg	correct	lyrics upload, 3 s off
https://open.spotify.com/track/1TfqLAPs4K3s2rJMoCokcS	Eurythmics - Sweet Dreams (Are Made of This) - 2005 Remaster	https://www.youtube.com/watch?v=qeMFqkcPYcg	correct	official video, 1 s off
https://open.spotify.com/track/5P5cGNzqh6A353N3ShDK6Y	Lady Gaga - Bad Romance	https://music.youtube.com/watch?v=QdaG6pDOz5A	correct	official audio on the deluxe edition
https://open.spotify.com/track/5vollujufHY0jMZxx77VWr	The Killers - All These Things That I've Done	https://music.youtube.com/watch?v=AUAxlOfw2O0	correct	official audio, title, artist and duration match
https://open.spotify.com/track/70wYA8oYHoMzhRRkARoMhU	The Killers - When You Were Young	https://music.youtube.com/watch?v=s2gtQJiM5Zg	correct	official audio, title, artist and duration match
https://open.spotify.com/track/5VHRiH48pBB008CAkrIBwP	Shaboozey - Good News	https://music.youtube.com/watch?v=-JAtwolReQg	correct	official audio, title, artist and duration match
https://open.spotify.com/track/3anaHXs7z8NwLUatPxqJlE	Shaboozey - Amen	https://music.youtube.com/watch?v=T7e5JLmjqXs	correct	official audio, title, artist and duration match
https://open.spotify.com/track/213uaappJODsexwkR9rxhS	Shaboozey - Blink Twice	https://music.youtube.com/watch?v=FBanAuwX1IE	correct	official audio, title, artist and duration match
https://open.spotify.com/track/64BbK9SFKH2jk86U3dGj2P	Red Hot Chili Peppers - Otherside	https://music.youtube.com/watch?v=8901V1M5lDk	correct	official audio on the deluxe version
https://open.spotify.com/track/6GG73Jik4jUlQCkKg9JuGO	Jimmy Eat World - The Middle	https://music.youtube.com/watch?v=rubpIfLPzvU	correct	official audio, title, artist and duration match
https://open.spotify.com/track/6AGOKlMZWLCaEJGnaROtF9	Ritt Momney - Put Your Records On	https://music.youtube.com/watch?v=9NqhIhsJqHo	correct	official audio, title, artist and duration match
https://open.spotify.com/track/20I8RduZC2PWMWTDCZuuAN	Franz Ferdinand - Take Me Out	https://music.youtube.com/watch?v=d11xns8lE4w	correct	official audio, title, artist and duration match
https://open.spotify.com/track/2NjHlLS4KCChsfJPcR4jzd	GRAHAM - Look Too Easy	https://music.youtube.com/watch?v=DfgtdRkRxcY	correct	official audio, title, artist and duration match
https://open.spotify.com/track/6wpGqhRvJGNNXwWlPmkMyO	U2 - I Still Haven't Found What I'm Looking For	https://music.youtube.com/watch?v=fo2Q-YH6vow	correct	official audio, title, artist and duration match
https://open.spotify.com/track/5RKQ5NdjSh2QzD4MaunT91	Journey - Don't Stop Believin' (2022 Remaster)	https://music.youtube.com/watch?v=mM3Vmn4pdog	correct	official audio, title, artist and duration match
https://open.spotify.com/track/0qt5f5EL92o8Snzopsv0en	Sheppard - Geronimo	https://music.youtube.com/watch?v=OCLgRVRLZXo	correct	official audio, title, artist and duration match
https://open.spotify.com/track/0ct6r3EGTcMLPtrXHDvVjc	Avicii - The Nights	https://music.youtube.com/watch?v=W4C-NEWrnSQ	correct	official audio on the EP
https://open.spotify.com/track/50nfwKoDiSYg8zOCREWAm5	Ed Sheeran - Shivers	https://www.youtube.com/watch?v=z2_Lrg6rRks	correct	official lyric video, 2 s off
https://open.spotify.com/track/3IQF4xCQUPicbA4hWfTxPo	OneRepublic - I Lived	https://music.youtube.com/watch?v=R9LJ2sBD0F8	correct	official audio, title, artist and duration match
https://open.spotify.com/track/3IdN6RaoBu9L0fwGwfrJ5B	Charlie Jeer - Her Eyes	https://music.youtube.com/watch?v=ByQv_q4j1N4	correct	official audio, title, artist and duration match
https://open.spotify.com/track/2x1jP9BexWtOKudvuUHbaD	Edward Sharpe & The Magnetic Zeros - Home	https://www.youtube.com/watch?v=DHEOF_rcND8	correct	official video, 4 s longer
https://open.spotify.com/track/1QxxBUAx42J8pIFYJJR880	Benson Boone - Pretty Slowly	https://www.youtube.com/watch?v=4BuWrb8A_w4	correct	official music video, 1 s off (Spotify refresh failed; searched without album)
https://open.spotify.com/track/1NhPKVLsHhFUHIOZ32QnS2	OneRepublic - Secrets	https://music.youtube.com/watch?v=UTRF-w-0HdA	correct	official audio, title, artist and duration match
https://open.spotify.com/track/3Vr3zh0r7ALn8VLqCiRR10	Myles Smith - Stargazing	https://music.youtube.com/watch?v=Fplgu4VVb94	correct	official audio, title, artist and duration match
https://open.spotify.com/track/6PwjJ58I4t7Mae9xfZ9l9v	The Killers - Somebody Told Me	https://music.youtube.com/watch?v=liRMxUT8A2c	correct	official audio, title, artist and duration match
https://open.spotify.com/track/2iUmqdfGZcHIhS3b9E9EWq	Neon Trees - Everybody Talks	https://music.youtube.com/watch?v=JwlHM8TvFE4	correct	official audio, title, artist and duration match
https://open.spotify.com/track/4ZEw5uS9RY6M6lEjsu7w8Q	Myles Smith - My Home	https://music.youtube.com/watch?v=HESWhhd1T0I	correct	official audio, title, artist and duration match
https://open.spotify.com/track/14AyWf6y7KlWWLfAjdKMKI	The Lumineers - Ophelia	https://music.youtube.com/watch?v=qJF0doztm4c	correct	official audio on the deluxe edition
https://open.spotify.com/track/003vvx7Niy0yvhvHt4a68B	The Killers - Mr. Brightside	https://music.youtube.com/watch?v=m2zUrruKjDQ	correct	official audio, title, artist and duration match
https://open.spotify.com/track/0ZfByLXCeKchuj7zi1CJ0S	Milky Chance - Stolen Dance	https://music.youtube.com/watch?v=K1m_Dt_ImXQ	correct	official audio, title, artist and duration match
https://open.spotify.com/track/0nrRP2bk19rLc0orkWPQk2	Avicii - Wake Me Up	https://music.youtube.com/watch?v=2NiyrtYegso	correct	official audio on the bonus edition
https://open.spotify.com/track/4vB4e8oopvmeARMW9na82S	GIO DARA - Be Mine	https://music.youtube.com/watch?v=mUn3f7m6ZuU	correct	official audio, title, artist and duration match
https://open.spotify.com/track/7gm2omqXDTaT4sS17hSu8T	Andy Grammer - Fresh Eyes	https://music.youtube.com/watch?v=FbiPG2363tg	correct	official audio, title, artist and duration match
https://open.spotify.com/track/0JjecOzaIzBTfIY35QGmgw	Myles Smith - Wait For You	https://music.youtube.com/watch?v=qyyRiamV3iA	correct	official audio, title, artist and duration match
https://open.spotify.com/track/6eWAWHm0cuOaPGDWhoLJ7s	Myles Smith - Nice To Meet You	https://music.youtube.com/watch?v=wavKJA-qGzY	unsure	pick is the feat. Lainey Wilson version; the Spotify track is on the 'Mistletoe Version' release
https://open.spotify.com/track/2kXjRzwcTZhGLnVjUud8l3	Mumford & Sons - Little Lion Man	https://music.youtube.com/watch?v=zWIauHyioTc	correct	official audio, title, artist and duration match
https://open.spotify.com/track/0TdacYZkgRxz8ZvHUtpimP	Alex Warren - Save You a Seat	https://music.youtube.com/watch?v=z5bwahVLh0Y	correct	official audio
https://open.spotify.com/track/5bKXRRnFPZfKWP1iIzq0FV	Max McNown - Forever Ain't Long Enough	https://music.youtube.com/watch?v=Ps1Ab-WiQuQ	correct	official audio, title, artist and duration match
https://open.spotify.com/track/7zXDR6FBV2PWzvcE7mOAOK	Max McNown - Turned Into Missing You	https://www.youtube.com/watch?v=UZ9E0z4YWWQ	correct	official music video, 1 s off
https://open.spotify.com/track/4nHJcUtNSUVjXRnjdP29Bk	Noah Kahan - You’re Gonna Go Far	https://music.youtube.com/watch?v=imMgXx6j1cg	correct	official audio, title, artist and duration match
https://open.spotify.com/track/0MSJk0VWUxAGat5vhJ4q4N	Tai Verdes - AOK	https://music.youtube.com/watch?v=2zchkGUymJo	correct	official audio, title, artist and duration match
https://open.spotify.com/track/1HbzxLqpNVPdiBXvpC7Ovb	The Red Clay Strays - Wondering Why	https://music.youtube.com/watch?v=H0p1h0lL3sw	correct	official audio, title, artist and duration match
https://open.spotify.com/track/7nDFTHHwfe32a8qdp9XqPy	Noah Kahan - False Confidence	https://music.youtube.com/watch?v=ePSEafF0K5k	correct	official audio, title, artist and duration match
https://open.spotify.com/track/3Pbp7cUCx4d3OAkZSCoNvn	Michael Marcagi - Scared To Start	https://music.youtube.com/watch?v=hvQtBXIeki0	correct	official audio, title, artist and duration match
https://open.spotify.com/track/7C9mfgDXbggQF8ShsufKfy	Max McNown - The Most	https://music.youtube.com/watch?v=7TbNwVOmUm0	correct	official audio
https://open.spotify.com/track/29hcNYwLP1gTfOWqR7yXN9	Max McNown - Can't Hide Light	https://music.youtube.com/watch?v=YS-bMKeCsIg	correct	official audio
https://open.spotify.com/track/1mea3bSkSGXuIRvnydlB5b	Coldplay - Viva La Vida	https://music.youtube.com/watch?v=ALsvdSA9tOU	correct	official audio
https://open.spotify.com/track/0tgVpDi06FyKpA1z0VMD4v	Ed Sheeran - Perfect	https://music.youtube.com/watch?v=ORrFJ63nlcA	correct	official audio, title, artist and duration match
https://open.spotify.com/track/0To6muig0PdccsPEezAhB8	Max McNown - Same Questions	https://www.youtube.com/watch?v=U8bc2hawv2A	correct	artist's video, 1 s off
https://open.spotify.com/track/0DwClY2t9YAWHBROMIgrXb	The Lumineers - Ho Hey	https://music.youtube.com/watch?v=SuZytYa71lk	correct	official audio, title, artist and duration match
https://open.spotify.com/track/1wOp7yTVyH176bW1z9WAiv	Alex Warren - Carry You Home	https://music.youtube.com/watch?v=UVtxDwII9q4	correct	official audio
https://open.spotify.com/track/2qPQcfUgizNDOIv1orkTAd	Alex Warren - Bloodline	https://music.youtube.com/watch?v=f8Flu2aRjSY	correct	official audio, title, artist and duration match
https://open.spotify.com/track/1u1pQQ8Um1vciyCvnlQlgb	Clamavi De Profundis - The Last Goodbye	https://music.youtube.com/watch?v=hdSZwyy4a4c	correct	official audio, title, artist and duration match
https://open.spotify.com/track/14RDwuW2LrbcwUjjP4TOBh	Greg Holden - Hold on Tight	https://music.youtube.com/watch?v=9EArl2iNLaY	correct	official audio, title, artist and duration match
https://open.spotify.com/track/1JlssWnwFUiEzuSqw4H1V1	Mumford & Sons - The Cave	https://music.youtube.com/watch?v=HXc_R8ywI6A	correct	official audio, title, artist and duration match
https://open.spotify.com/track/5B0ibk0qk9ees6wvlzMsZe	George Ezra - Listen to the Man	https://music.youtube.com/watch?v=UPRIL2WpKgk	correct	official audio
https://open.spotify.com/track/3Bclyko7WmwM2oGmKj8sue	Mumford & Sons - I Will Wait	https://music.youtube.com/watch?v=DWD7CNFlsOc	correct	official audio, title, artist and duration match
https://open.spotify.com/track/2g4tUgmWsuK6wzsqSzftrr	Mumford & Sons - Roll Away Your Stone	https://music.youtube.com/watch?v=b0Puvnp5kTw	correct	official audio, title, artist and duration match
https://open.spotify.com/track/4IadxL6BUymXlh8RCJJu7T	Hozier - Too Sweet	https://music.youtube.com/watch?v=mfha0a8IXKs	correct	official audio, title, artist and duration match
https://open.spotify.com/track/1EAgPzRbK9YmdOESSMUm6P	Phillip Phillips - Home	https://music.youtube.com/watch?v=9Fxfzqn--GU	correct	official audio, title, artist and duration match
https://open.spotify.com/track/331l3xABO0HMr1Kkyh2LZq	David Guetta - I Don't Wanna Wait	https://music.youtube.com/watch?v=Y8mU9sIczcc	correct	official audio on the artist album
https://open.spotify.com/track/2Z8WuEywRWYTKe1NybPQEW	Twenty One Pilots - Ride	https://music.youtube.com/watch?v=w1Smzzw_w7Q	correct	official audio, title, artist and duration match
https://open.spotify.com/track/7a86XRg84qjasly9f6bPSD	fun. - We Are Young (feat. Janelle Monáe)	https://music.youtube.com/watch?v=f_K_0SNaRk0	correct	official audio, title, artist and duration match
https://open.spotify.com/track/4UpmJe2g5XV620u7Th1PPW	Max McNown - Same Questions	https://music.youtube.com/watch?v=N1Zqpw-50zc	correct	official audio, title, artist and duration match
https://open.spotify.com/track/4wCmqSrbyCgxEXROQE6vtV	Gotye - Somebody That I Used To Know	https://www.youtube.com/watch?v=8UVNT4wvIGY	correct	official music video, same length
https://open.spotify.com/track/3a2tuvXCHbW5nuUckuHkKT	Of Monsters and Men - Little Talks	https://music.youtube.com/watch?v=KtDmEy7R_c8	correct	official audio, title, artist and duration match
https://open.spotify.com/track/7BKLCZ1jbUBVqRi2FVlTVw	The Chainsmokers - Closer	https://www.youtube.com/watch?v=agFMqNB9BYM	wrong	live performance at the 2016 MTV VMAs, not the studio recording
https://open.spotify.com/track/4t43d4WVhoUU9FZTq8tZmL	Max McNown - Love Me Back	https://music.youtube.com/watch?v=4HsdaPYcdi8	correct	official audio, title, artist and duration match
https://open.spotify.com/track/4pkb8SbRGeHAvdb87v9rpf	Marshmello - Miles On It	https://www.youtube.com/watch?v=WsoVbyXtZS0	correct	7clouds lyrics upload, 1 s off
https://open.spotify.com/track/792FHkvZbBQuWWM1a4TfL8	Alex Warren - Before You Leave Me	https://music.youtube.com/watch?v=o2G4p7XuYD8	correct	official audio
https://open.spotify.com/track/7JDfWHxOFo63yQmVs5wSPM	Forrest Frank - YOUR WAY'S BETTER	https://music.youtube.com/watch?v=-sdwt4uQmH4	correct	official audio, title, artist and duration match
https://open.spotify.com/track/3S0OXQeoh0w6AY8WQVckRW	Jason Mraz - I'm Yours	https://music.youtube.com/watch?v=DbHhmn8Pl0k	correct	official audio, title, artist and duration match
https://open.spotify.com/track/1M39ETXmej4g9EMSeXPUgj	Noah Kahan - New Perspective	https://music.youtube.com/watch?v=9u3OuJTS4hc	correct	official audio, title, artist and duration match
https://open.spotify.com/track/22VHOlVYBqytsrAqV8yXBK	Noah Kahan - Dial Drunk (with Post Malone)	https://www.youtube.com/watch?v=uUhRePPW0kY	correct	7clouds lyrics upload, 1 s off
https://open.spotify.com/track/3i86MS9vF1VCf0h2IEpKWY	Max McNown - A Lot More Free	https://music.youtube.com/watch?v=YDAGyiJQ3qk	correct	official audio (single)
https://open.spotify.com/track/4O2rRsoSPb5aN7N3tG6Y3v	Noah Kahan - Northern Attitude	https://music.youtube.com/watch?v=KdtKJg2X7mY	correct	official audio, title, artist and duration match
https://open.spotify.com/track/6dGnYIeXmHdcikdzNNDMm2	The Beatles - Here Comes The Sun - Remastered 2009	https://music.youtube.com/watch?v=xUNqsfFUwhY	correct	official 2009 remaster
https://open.spotify.com/track/0aJrYfARfCKzv6gXjhs4SZ	Jack Johnson - Upside Down	https://music.youtube.com/watch?v=e2vLWbaOITw	correct	official audio, title, artist and duration match
https://open.spotify.com/track/0qxYx4F3vm1AOnfux6dDxP	Paul Simon - You Can Call Me Al	https://music.youtube.com/watch?v=OMbfT3Wppjo	correct	official audio, title, artist and duration match
https://open.spotify.com/track/3IkWmgGsXbsafrunwPojXO	Hugh Jackman - From Now On	https://music.youtube.com/watch?v=25MqD0hHo14	correct	official audio, title, artist and duration match
https://open.spotify.com/track/0rtDE9zfXbamTlRUSwY7zy	Mark Ambor - Belong Together	https://www.youtube.com/watch?v=xPWnNFF-TAw	correct	official lyric video, 2 s off
https://open.spotify.com/track/6shRGWCtBUOPFLFTTqXZIC	Jack Johnson - Upside Down	https://www.youtube.com/watch?v=6uVtlH20STA	unsure	fan upload, 9 s longer
https://open.spotify.com/track/7oJtjEkcsXLGcuXaZ8o2VJ	Black Eyed Peas - Gone Going	https://music.youtube.com/watch?v=Pie3nrTjs5k	correct	official audio
https://open.spotify.com/track/7BXW1QCg56yzEBV8pW8pah	Jason Mraz - Have It All	https://music.youtube.com/watch?v=8l1UJgElyBU	correct	official audio, title, artist and duration match
https://open.spotify.com/track/6xGJsH6EaDL8BadXsdYy54	Max McNown - Hey There Delilah	https://music.youtube.com/watch?v=nSbdqtUxCKk	correct	official audio, title, artist and duration match
https://open.spotify.com/track/7yq4Qj7cqayVTp3FF9CWbm	Vance Joy - Riptide	https://music.youtube.com/watch?v=En_6WWOWh8E	correct	official audio on the deluxe edition
https://open.spotify.com/track/4wuCQX7JvAZLlrcmH4AeZF	Ed Sheeran - Cross Me (feat. Chance the Rapper & PnB Rock)	https://music.youtube.com/watch?v=_ZKkYeyb778	correct	official audio, title, artist and duration match
https://open.spotify.com/track/0afhq8XCExXpqazXczTSve	Ed Sheeran - Galway Girl	https://music.youtube.com/watch?v=K0WAS1pyocY	correct	official audio, title, artist and duration match
https://open.spotify.com/track/47ho03lbaCMiDFt8IrGxZ9	Max McNown - Marley	https://music.youtube.com/watch?v=CTTeCEB9ZAE	correct	official audio, title, artist and duration match
https://open.spotify.com/track/6PCUP3dWmTjcTtXY02oFdT	Ed Sheeran - Castle on the Hill	https://music.youtube.com/watch?v=wqlTrBCNRiY	correct	official audio, title, artist and duration match
https://open.spotify.com/track/0FDzzruyVECATHXKHFs9eJ	Coldplay - A Sky Full of Stars	https://music.youtube.com/watch?v=KWuyx6yZ21U	correct	official audio, title, artist and duration match
https://open.spotify.com/track/22skzmqfdWrjJylampe0kt	Macklemore - Can't Hold Us (feat. Ray Dalton)	https://music.youtube.com/watch?v=96L5sV7rqX0	correct	official audio, title, artist and duration match
https://open.spotify.com/track/3DWOTqMQGp5q75fnVsWwaN	Plain White T's - Hey There Delilah - Bonus Track	https://music.youtube.com/watch?v=z7T3NMYrjRc	correct	official audio, title, artist and duration match
https://open.spotify.com/track/2hKdd3qO7cWr2Jo0Bcs0MA	Train - Drops of Jupiter (Tell Me)	https://www.youtube.com/watch?v=7Xf-Lesrkuc	correct	official video, 2 s off
https://open.spotify.com/track/2ixsaeFioXJmMgkkbd4uj1	George Ezra - Budapest	https://music.youtube.com/watch?v=jYSLu01Lc5A	correct	official audio
https://open.spotify.com/track/4cktbXiXOapiLBMprHFErI	Maroon 5 - Memories	https://music.youtube.com/watch?v=lNilb-EaTOU	correct	official audio, title, artist and duration match
https://open.spotify.com/track/1EzrEOXmMH3G43AXT1y7pA	Jason Mraz - I'm Yours	https://music.youtube.com/watch?v=DbHhmn8Pl0k	correct	official audio on the bonus edition
https://open.spotify.com/track/5o0osRx8kYJTOqlOSggr9Z	Alex Warren - Carry You Home	https://music.youtube.com/watch?v=UVtxDwII9q4	correct	official audio
https://open.spotify.com/track/3xkHsmpQCBMytMJNiDf3Ii	Benson Boone - Beautiful Things	https://music.youtube.com/watch?v=eLhSxOAaWmg	correct	official audio, title, artist and duration match
https://open.spotify.com/track/4Iu73sdCNxZXZUIyClMoPZ	Max McNown - Better Me For You (Brown Eyes)	https://www.youtube.com/watch?v=0-jSotRMNL8	correct	official performance video, 1 s off
https://open.spotify.com/track/4HlFJV71xXKIGcU3kRyttv	Train - Hey, Soul Sister	https://music.youtube.com/watch?v=_2qJy5r-WAY	correct	official audio, title, artist and duration match
https://open.spotify.com/track/51eSHglvG1RJXtL3qI5trr	Benson Boone - Slow It Down	https://music.youtube.com/watch?v=6pVdYchE3Dk	correct	official audio, title, artist and duration match
https://open.spotify.com/track/3gbBpTdY8lnQwqxNCcf795	Bastille - Pompeii	https://music.youtube.com/watch?v=imLrtJ2o5Ik	correct	official audio, title, artist and duration match
https://open.spotify.com/track/2uXlHCUbq9OMUwx3hrk06o	Vance Joy - Riptide	https://music.youtube.com/watch?v=En_6WWOWh8E	correct	official audio, title, artist and duration match
https://open.spotify.com/track/5kqIPrATaCc2LqxVWzQGbk	Lukas Graham - 7 Years	https://music.youtube.com/watch?v=vTMAa6zZ7jY	correct	official audio, title, artist and duration match
https://open.spotify.com/track/0mflMxspEfB0VbI1kyLiAv	Noah Kahan - Stick Season	https://music.youtube.com/watch?v=gLA6VyT4QOw	correct	official audio, title, artist and duration match
https://open.spotify.com/track/0pqnGHJpmpxLKifKRmU6WP	Imagine Dragons - Believer	https://music.youtube.com/watch?v=Kx7B-XvmFtE	correct	official audio, title, artist and duration match
https://open.spotify.com/track/6Qn5zhYkTa37e91HC1D7lb	Imagine Dragons - Whatever It Takes	https://music.youtube.com/watch?v=cnRB2CgUpSw	correct	official audio, title, artist and duration match
https://open.spotify.com/track/6PSKhwo0mVcOdjUOhVJd5p	Enrique Iglesias - Bailando - Spanish Version	https://music.youtube.com/watch?v=Iz0hjRq40ko	correct	official audio of the Spanish version, 2 s off
https://open.spotify.com/track/2a1o6ZejUi8U3wzzOtCOYw	Don Omar - Danza Kuduro	https://music.youtube.com/watch?v=BbWY-avjDto	correct	official audio, 1 s off
https://open.spotify.com/track/1A5yplwEk6cJbAL63L6bkp	Deorro - Bailar (feat. Pitbull & Elvis Crespo)	https://www.youtube.com/watch?v=uf5hY2as8Oo	correct	'Official Audio' on the label channel (Scorpio Music), 1 s off
https://open.spotify.com/track/5dSWNkk66Gez4AM1kpZPiu	Major Lazer - Que Calor	https://www.youtube.com/watch?v=LRFk2AhYnsM	correct	official lyric video on Major Lazer Official, 2 s off
https://open.spotify.com/track/43DHLzDkncpby82Po5jlOZ	Queen - Don't Stop Me Now	https://music.youtube.com/watch?v=1UjLFMg18cY	correct	official audio, 1 s off
https://open.spotify.com/track/5T8EDUDqKcs6OSOwEsfqG7	Queen - Don't Stop Me Now - Remastered 2011	https://music.youtube.com/watch?v=1UjLFMg18cY	correct	official audio, 1 s off
https://open.spotify.com/track/5hflg0cgTYWiwtPFoDx4g7	Judas Priest - Hell Bent for Leather	https://www.youtube.com/watch?v=P-CA8pbWIrM	correct	fan lyrics upload, 2 s off
https://open.spotify.com/track/7Jh1bpe76CNTCgdgAdBw4Z	"David Bowie - ""Heroes"" - 2017 Remaster"	https://music.youtube.com/watch?v=YLp2cW7ICCU	correct	official 2017 remaster, 1 s off
https://open.spotify.com/track/6QDbGdbJ57Mtkflsg42WV5	Van Halen - Hot for Teacher - 2015 Remaster	https://music.youtube.com/watch?v=TpLzW7fm1c0	correct	official 2015 remaster, 1 s off
https://open.spotify.com/track/7GqWnsKhMtEW0nzki5o0d8	Queen - Killer Queen - Remastered 2011	https://music.youtube.com/watch?v=cC_9nc4QOgQ	correct	official audio, 2 s off
https://open.spotify.com/track/54e8YIQ5TubPmMx8SLdoDA	Deep Purple - Maybe I'm a Leo	https://music.youtube.com/watch?v=NT-xCu6SR5k	correct	official audio (2012 remaster), same length
https://open.spotify.com/track/05RgAMGypEvqhNs5hPCbMS	Van Halen - Panama - 2015 Remaster	https://music.youtube.com/watch?v=YRFKU6QvBJY	correct	official 2015 remaster, 1 s off
https://open.spotify.com/track/6hyjl7z58fwPpx8273ilOC	Queen - Play The Game	https://music.youtube.com/watch?v=qfrOxeXGUn0	correct	official audio, 3 s off
https://open.spotify.com/track/1aZLIbKEdsyqxyD6iNcrbA	Def Leppard - Pour Some Sugar On Me	https://music.youtube.com/watch?v=eiOIDqRKo0Y	correct	official audio (2017 remaster), 1 s off
https://open.spotify.com/track/0pQskrTITgmCMyr85tb9qq	David Bowie - Starman - 2012 Remaster	https://music.youtube.com/watch?v=aBKEt3MhNMM	correct	official 2012 remaster, 1 s off
https://open.spotify.com/track/5ubvP9oKmxLUVq506fgLhk	Bee Gees - Stayin Alive	https://www.youtube.com/watch?v=oLxIRPazSU0	correct	fan upload with Spanish subtitles, 1 s off
https://open.spotify.com/track/1mSClObliRtgPVT399COQH	Queen - Under Pressure	https://music.youtube.com/watch?v=BaxnrepwXck	correct	official audio on Hot Space, 1-4 s off
https://open.spotify.com/track/2fuCquhmrzHpu5xcA1ci9x	Queen - Under Pressure - Remastered 2011	https://music.youtube.com/watch?v=BaxnrepwXck	correct	official audio on Hot Space, 1-4 s off
https://open.spotify.com/track/3MODES4TNtygekLl146Dxd	Led Zeppelin - Ramble On - 1990 Remaster	https://www.youtube.com/watch?v=LzGBQerkvWs	unsure	'Official Audio' video, 12 s longer
https://open.spotify.com/track/1kiNatIrwDusOZfR29W0LJ	Michael Jackson - Man in the Mirror - 2012 Remaster	https://www.youtube.com/watch?v=KbdnaHmGnBM	correct	fan upload, 4 s longer
https://open.spotify.com/track/3qT4bUD1MaWpGrTwcvguhb	Led Zeppelin - Black Dog - Remaster	https://www.youtube.com/watch?v=YcGkFA_G1BE	correct	fan upload, same length
https://open.spotify.com/track/1iW2ktyrQHNKZwFTvgP0Ta	Deep Purple - Burn - Remastered 2004	https://music.youtube.com/watch?v=0EhUFAGcLbc	correct	official audio, same length
https://open.spotify.com/track/1nQRg9q9uwALGzouOX5OyQ	Queen - Radio Ga Ga - Remastered 2011	https://music.youtube.com/watch?v=g9L-hOwKcHQ	correct	official audio, 1 s off
https://open.spotify.com/track/3uMmllZo1AfoEnVT4ENCD3	Deep Purple - Highway Star - Remastered 2012	https://music.youtube.com/watch?v=W2BO3UTOhZ8	correct	official 2012 remaster, 1 s off
https://open.spotify.com/track/3c7Ctlw9MKlIQPxRH3fOTt	Michael Jackson - Man in the Mirror - 2012 Remaster	https://music.youtube.com/watch?v=8gqMRlN6mAA	correct	official 2012 remaster, 1 s off
https://open.spotify.com/track/2gSNBigeWMVtY3QBIvPAEc	Michael Jackson - Bad - 2012 Remaster	https://music.youtube.com/watch?v=-DlMoJ2V6uk	correct	official 2012 remaster, 1 s off
https://open.spotify.com/track/0gucTLf7trAf37Ua1uAyAu	Nirvana - Smells Like Teen Spirit - Remastered	https://music.youtube.com/watch?v=7TDeBi34OtE	correct	official audio, 2 s off
https://open.spotify.com/track/5S126DaCBZ8z6yh7B1Lszr	Deep Purple - Space Truckin' - Remastered 2012	https://music.youtube.com/watch?v=5hqG-29NTSU	correct	official 2012 remaster, 2 s off
https://open.spotify.com/track/5T7ywazdGIydr6JCW6t02j	Michael Jackson - Smooth Criminal - 2012 Remaster	https://music.youtube.com/watch?v=XzNWRmqibNE	correct	official 2012 remaster, 1 s off
https://open.spotify.com/track/5iwz1NiezX7WWjnCgY5TH4	Pedro Capó - Calma - Remix	https://music.youtube.com/watch?v=7Eo7d5_5ktI	correct	official audio, title and artist match, 1-2 s off
https://open.spotify.com/track/0Gx4VrHzS7pZOEAGrmXXBH	Carlos Vives - La Bicicleta	https://music.youtube.com/watch?v=X2yOPS3FabE	correct	official audio, title and artist match, 1-2 s off
https://open.spotify.com/track/2B4GHvToeLTOBB4QLzW3Ni	Farruko - Pepas	https://music.youtube.com/watch?v=gNBkFme2BPE	correct	official audio, title and artist match, 1-2 s off
https://open.spotify.com/track/1A5yplwEk6cJbAL63L6bkp	Deorro - Bailar (feat. Pitbull & Elvis Crespo)	https://music.youtube.com/watch?v=_2da7ygIImM	correct	official audio, title and artist match, 1-2 s off
https://open.spotify.com/track/7txjUEY6McJDJKqIo1Rxjp	Shakira - Acróstico - Milan + Sasha	https://music.youtube.com/watch?v=p3ixbjJkyCk	correct	official audio, title and artist match, 1-2 s off
https://open.spotify.com/track/0mzsLrUNazBaRfYZfjmpSV	Fuerza Regida - Bebe Dame	https://music.youtube.com/watch?v=GF2fblgRqmY	correct	official audio, title and artist match, 1-2 s off
https://open.spotify.com/track/3tS8q8SXxtrYSN8UgeQt6q	Michael Jackson - Bad	https://music.youtube.com/watch?v=-DlMoJ2V6uk	correct	official audio, title and artist match, 1-2 s off
https://open.spotify.com/track/2KH16WveTQWT6KOG9Rg6e2	Survivor - Eye of the Tiger	https://music.youtube.com/watch?v=S-LO6dctBms	correct	official audio, title and artist match, 1-2 s off
https://open.spotify.com/track/7xe3EQCvXnx6Q0zs41Y65n	Jerry Lee Lewis - Great Balls of Fire	https://music.youtube.com/watch?v=ytvHi5VXCdw	correct	official audio, title and artist match, 1-2 s off
https://open.spotify.com/track/40riOy7x9W7GXjyGp4pjAv	Eagles - Hotel California - 2013 Remaster	https://music.youtube.com/watch?v=BciS5krYL80	correct	official audio, title and artist match, 1-2 s off
https://open.spotify.com/track/78lgmZwycJ3nzsdgmPPGNx	Led Zeppelin - Immigrant Song - Remaster	https://music.youtube.com/watch?v=y8OtzJtp-EM	correct	official audio, title and artist match, 1-2 s off
https://open.spotify.com/track/2G7woUgHMt6QBU7esQ5rsL	Led Zeppelin - Immigrant Song - Remaster	https://music.youtube.com/watch?v=y8OtzJtp-EM	correct	official audio, title and artist match, 1-2 s off
https://open.spotify.com/track/4MSqgoFS7e8LpsxeeMMVMu	Black Sabbath - Paranoid	https://music.youtube.com/watch?v=xpM59e6lyws	correct	official audio, title and artist match, 1-2 s off
https://open.spotify.com/track/46FW5ZZ6fOF1WpMTEOVEHX	Van Halen - Runnin' with the Devil	https://music.youtube.com/watch?v=KLRO4W9pNrQ	correct	official audio, title and artist match, 1-2 s off
https://open.spotify.com/track/5ubvP9oKmxLUVq506fgLhk	Bee Gees - Stayin Alive	https://music.youtube.com/watch?v=z2qoihbzc3E	correct	official audio, title and artist match, 1-2 s off
https://open.spotify.com/track/6wO13Xb3EdHUNixFOEJ0KV	Jerry Lee Lewis - Whole Lot of Shakin' Going On	https://music.youtube.com/watch?v=tsVhIhpkMKU	correct	official audio, title and artist match, 1-2 s off
https://open.spotify.com/track/1ChulFMnwxoD74Me8eX2TU	Dead Or Alive - You Spin Me Round (Like a Record)	https://music.youtube.com/watch?v=BUYLdVeny5g	correct	official audio, title and artist match, 1-2 s off
https://open.spotify.com/track/2PzU4IB8Dr6mxV3lHuaG34	The Rolling Stones - (I Can't Get No) Satisfaction - Mono	https://music.youtube.com/watch?v=MSSxnv1_J2g	correct	official audio, title and artist match, 1-2 s off
https://open.spotify.com/track/4PRGxHpCpF2yoOHYKQIEwD	Led Zeppelin - Rock and Roll - Remaster	https://music.youtube.com/watch?v=RCN6eRVav5k	correct	official audio, title and artist match, 1-2 s off
https://open.spotify.com/track/1Gg14U26oq94uWcG7khccX	Billy Joel - An Innocent Man	https://music.youtube.com/watch?v=QpPoYt_9IN4	correct	official audio, title and artist match, 1-2 s off
https://open.spotify.com/track/1kiNatIrwDusOZfR29W0LJ	Michael Jackson - Man in the Mirror - 2012 Remaster	https://music.youtube.com/watch?v=8gqMRlN6mAA	correct	official audio, title and artist match, 1-2 s off
https://open.spotify.com/track/3qT4bUD1MaWpGrTwcvguhb	Led Zeppelin - Black Dog - Remaster	https://music.youtube.com/watch?v=yBuub4Xe1mw	correct	official audio, title and artist match, 1-2 s off
https://open.spotify.com/track/3uMmllZo1AfoEnVT4ENCD3	Deep Purple - Highway Star - Remastered 2012	https://music.youtube.com/watch?v=coujhI7Z9sQ	correct	official audio, title and artist match, 1-2 s off
https://open.spotify.com/track/3mRM4NM8iO7UBqrSigCQFH	"Bee Gees - Stayin' Alive - From ""Saturday Night Fever"" Soundtrack"	https://music.youtube.com/watch?v=W_dDNNEdIJg	correct	official audio, title and artist match, 1-2 s off
https://open.spotify.com/track/4nt5qwSYkN4d3v57v4bB72	NATTI NATASHA - Criminal	https://www.youtube.com/watch?v=RQFwbRwLHqs	correct	lyrics upload, 1 s off
https://open.spotify.com/track/5dSWNkk66Gez4AM1kpZPiu	Major Lazer - Que Calor	https://www.youtube.com/watch?v=WEkn7nJa-0M	correct	official dance video on Major Lazer Official, 1 s off
https://open.spotify.com/track/3dnP0JxCgygwQH9Gm7q7nb	Eslabon Armado - Ella Baila Sola	https://music.youtube.com/watch?v=1TVyEcR5pcw	correct	official audio by Eslabon Armado and Peso Pluma, 1 s off
https://open.spotify.com/track/6J17MkMmuzBiIOjRH6MOBZ	AC/DC - Rock and Roll Ain't Noise Pollution	https://www.youtube.com/watch?v=X_IWlPHMziU	correct	official video, 3 s shorter
https://open.spotify.com/track/39sH8Fl415P7O8GRP1Td6Z	Queen - Fat Bottomed Girls	https://www.youtube.com/watch?v=S5tzJ-Gua-Y	correct	fan upload, 3 s longer
https://open.spotify.com/track/4Bv3Cg9FqLcencnvDvVjLk	Led Zeppelin - Whole Lotta Love	https://www.youtube.com/watch?v=cMX7KnF5oeU	wrong	isolated lead vocal track
https://open.spotify.com/track/3MODES4TNtygekLl146Dxd	Led Zeppelin - Ramble On - 1990 Remaster	https://www.youtube.com/watch?v=g8yJr3RMdYw	correct	fan upload, 1 s off
https://open.spotify.com/track/3Cx4yrFaX8CeHwBMReOWXI	Billy Joel - We Didn't Start the Fire	https://music.youtube.com/watch?v=xbSnRVspDb8	correct	official audio, (P) 1989 recording on a compilation, 1 s off
https://open.spotify.com/track/4O4Z8VFczL8MxIOmqVWc1b	Kenny Loggins - Footloose	https://www.youtube.com/watch?v=hq3Q3FfJkK4	correct	official audio video on the artist channel, 2 s off
https://open.spotify.com/track/19Hqfd3qkMkvBB6MsFt8o6	Status Quo - Caroline	https://music.youtube.com/watch?v=9AQwIia8R5o	correct	official audio, same (P) 1973 Mercury master on a compilation, 2 s off
https://open.spotify.com/track/5EWPGh7jbTNO2wakv8LjUI	Lynyrd Skynyrd - Free Bird	https://www.youtube.com/watch?v=MQNRKX8GwPo	correct	official video on the artist channel, 1 s off
https://open.spotify.com/track/4nt5qwSYkN4d3v57v4bB72	NATTI NATASHA - Criminal	https://www.youtube.com/watch?v=W5gYe9qXDgk	unsure	lyrics upload, 4 s longer (like the earlier +4 s Criminal lyrics pick)
https://open.spotify.com/track/0W8nDs4H2cqxxAgszNMYO3	Shakira - Waka Waka (Esto es Africa) (feat. Freshlyground)	https://www.youtube.com/watch?v=2fhP5JH8BPk	correct	7clouds lyrics upload of the Spanish version, 1 s off
https://open.spotify.com/track/2U15ix0JMkQY8EsxneUfyL	Noah Kahan - You’re Gonna Go Far (with Brandi Carlile)	https://music.youtube.com/watch?v=C1sUUwYntDA	correct	official audio, title and artists match, 1-2 s off
https://open.spotify.com/track/3BovdzfaX4jb5KFQwoPfAw	Michael Jackson - Beat It	https://music.youtube.com/watch?v=WlTlUseVt7E	correct	official audio, title and artists match, 1-2 s off
https://open.spotify.com/track/5P5cGNzqh6A353N3ShDK6Y	Lady Gaga - Bad Romance	https://music.youtube.com/watch?v=fiRjp6y6QvI	correct	official audio, title and artists match, 1-2 s off
https://open.spotify.com/track/50nfwKoDiSYg8zOCREWAm5	Ed Sheeran - Shivers	https://music.youtube.com/watch?v=G1ej5up7JG0	correct	official audio, title and artists match, 1-2 s off
https://open.spotify.com/track/1QxxBUAx42J8pIFYJJR880	Benson Boone - Pretty Slowly	https://music.youtube.com/watch?v=-GILVivOasw	correct	official audio, title and artists match, 1-2 s off
https://open.spotify.com/track/7zXDR6FBV2PWzvcE7mOAOK	Max McNown - Turned Into Missing You	https://music.youtube.com/watch?v=kK38icewJEs	correct	official audio, title and artists match, 1-2 s off
https://open.spotify.com/track/0To6muig0PdccsPEezAhB8	Max McNown - Same Questions	https://music.youtube.com/watch?v=N1Zqpw-50zc	correct	official audio, title and artists match, 1-2 s off
https://open.spotify.com/track/7BKLCZ1jbUBVqRi2FVlTVw	The Chainsmokers - Closer	https://music.youtube.com/watch?v=r7zTKRonHXM	correct	official audio, title and artists match, 1-2 s off
https://open.spotify.com/track/4pkb8SbRGeHAvdb87v9rpf	Marshmello - Miles On It	https://music.youtube.com/watch?v=Tc0qxF0GJBs	correct	official audio, title and artists match, 1-2 s off
https://open.spotify.com/track/0rtDE9zfXbamTlRUSwY7zy	Mark Ambor - Belong Together	https://music.youtube.com/watch?v=Q0ft9ieeAuo	correct	official audio, title and artists match, 1-2 s off
https://open.spotify.com/track/6shRGWCtBUOPFLFTTqXZIC	Jack Johnson - Upside Down	https://music.youtube.com/watch?v=e2vLWbaOITw	correct	official audio, title and artists match, 1-2 s off
https://open.spotify.com/track/2hKdd3qO7cWr2Jo0Bcs0MA	Train - Drops of Jupiter (Tell Me)	https://music.youtube.com/watch?v=10rw7IKHv2g	correct	official audio, title and artists match, 1-2 s off
https://open.spotify.com/track/4Iu73sdCNxZXZUIyClMoPZ	Max McNown - Better Me For You (Brown Eyes)	https://music.youtube.com/watch?v=XORb3mRiHx0	correct	official audio, title and artists match, 1-2 s off
https://open.spotify.com/track/6eWAWHm0cuOaPGDWhoLJ7s	Myles Smith - Nice To Meet You	https://music.youtube.com/watch?v=t83XXcP_KCI	correct	official solo original, same length
https://open.spotify.com/track/22VHOlVYBqytsrAqV8yXBK	Noah Kahan - Dial Drunk (with Post Malone)	https://www.youtube.com/watch?v=0dnyFK2mQZY	correct	lyrics upload of the Post Malone version, same length
https://open.spotify.com/track/4O2rRsoSPb5aN7N3tG6Y3v	Noah Kahan - Northern Attitude	https://music.youtube.com/watch?v=0dw-rBTQ_P8	wrong	version with Hozier; Spotify track is the solo original
